país Name,país Code,tiempo,tiempo Code,"Esperanza de vida al nacer, total (años) [SP.DYN.LE00.IN]",PIB per cápita (US$ a precios constantes de 2010) [NY.GDP.PCAP.KD]
Argentina,ARG,1960,YR1960,65.055,5642.765138
Argentina,ARG,1961,YR1961,65.176,5853.171906
Argentina,ARG,1962,YR1962,65.269,5711.179338
Argentina,ARG,1963,YR1963,65.348,5323.494309
Argentina,ARG,1964,YR1964,65.426,5772.649967
Argentina,ARG,1965,YR1965,65.518,6286.229347
Argentina,ARG,1966,YR1966,65.64,6151.926026
Argentina,ARG,1967,YR1967,65.796,6255.184022
Argentina,ARG,1968,YR1968,65.989,6460.787452
Argentina,ARG,1969,YR1969,66.219,6980.899178
Argentina,ARG,1970,YR1970,66.483,7084.181478
Argentina,ARG,1971,YR1971,66.774,7368.07758
Argentina,ARG,1972,YR1972,67.078,7368.50577
Argentina,ARG,1973,YR1973,67.383,7453.753557
Argentina,ARG,1974,YR1974,67.686,7740.855928
Argentina,ARG,1975,YR1975,67.985,7617.943151
Argentina,ARG,1976,YR1976,68.283,7350.828567
Argentina,ARG,1977,YR1977,68.585,7743.582315
Argentina,ARG,1978,YR1978,68.891,7285.439556
Argentina,ARG,1979,YR1979,69.197,7910.366622
Argentina,ARG,1980,YR1980,69.496,7908.022618
Argentina,ARG,1981,YR1981,69.777,7380.674984
Argentina,ARG,1982,YR1982,70.033,7210.347021
Argentina,ARG,1983,YR1983,70.262,7403.72721
Argentina,ARG,1984,YR1984,70.466,7399.889119
Argentina,ARG,1985,YR1985,70.65,6904.645044
Argentina,ARG,1986,YR1986,70.825,7214.270703
Argentina,ARG,1987,YR1987,71.001,7294.064256
Argentina,ARG,1988,YR1988,71.186,7104.181201
Argentina,ARG,1989,YR1989,71.384,6497.425545
Argentina,ARG,1990,YR1990,71.594,6245.708577
Argentina,ARG,1991,YR1991,71.813,6721.278239
Argentina,ARG,1992,YR1992,72.032,7157.328311
Argentina,ARG,1993,YR1993,72.246,7644.235692
Argentina,ARG,1994,YR1994,72.453,7988.644614
Argentina,ARG,1995,YR1995,72.651,7666.530004
Argentina,ARG,1996,YR1996,72.843,7994.243371
Argentina,ARG,1997,YR1997,73.029,8543.028534
Argentina,ARG,1998,YR1998,73.213,8772.06321
Argentina,ARG,1999,YR1999,73.396,8381.253998
Argentina,ARG,2000,YR2000,73.576,8224.112827
Argentina,ARG,2001,YR2001,73.755,7776.137872
Argentina,ARG,2002,YR2002,73.932,6854.294081
Argentina,ARG,2003,YR2003,74.107,7380.467087
Argentina,ARG,2004,YR2004,74.28,7962.412309
Argentina,ARG,2005,YR2005,74.451,8577.864994
Argentina,ARG,2006,YR2006,74.62,9174.502458
Argentina,ARG,2007,YR2007,74.787,9901.511881
Argentina,ARG,2008,YR2008,74.952,10201.47594
Argentina,ARG,2009,YR2009,75.116,9502.243585
Argentina,ARG,2010,YR2010,75.278,10385.96443
Argentina,ARG,2011,YR2011,75.439,10883.31536
Argentina,ARG,2012,YR2012,75.598,10649.83729
Argentina,ARG,2013,YR2013,75.756,10784.6307
Argentina,ARG,2014,YR2014,75.913,10398.69401
Argentina,ARG,2015,YR2015,76.068,10568.15781
Argentina,ARG,2016,YR2016,76.221,10239.48135
Argentina,ARG,2017,YR2017,76.372,10419.45541
Argentina,ARG,2018,YR2018,76.52,10049.55524
Chile,CHL,1960,YR1960,57.219,3611.917912
Chile,CHL,1961,YR1961,57.616,3723.173274
Chile,CHL,1962,YR1962,58.031,3794.010773
Chile,CHL,1963,YR1963,58.467,3935.050723
Chile,CHL,1964,YR1964,58.927,3957.236913
Chile,CHL,1965,YR1965,59.415,3920.290297
Chile,CHL,1966,YR1966,59.931,4283.017607
Chile,CHL,1967,YR1967,60.474,4361.996817
Chile,CHL,1968,YR1968,61.044,4443.876782
Chile,CHL,1969,YR1969,61.637,4543.792454
Chile,CHL,1970,YR1970,62.254,4552.255588
Chile,CHL,1971,YR1971,62.895,4901.245955
Chile,CHL,1972,YR1972,63.555,4773.977473
Chile,CHL,1973,YR1973,64.231,4462.266867
Chile,CHL,1974,YR1974,64.917,4497.172566
Chile,CHL,1975,YR1975,65.609,3856.035839
Chile,CHL,1976,YR1976,66.307,3942.566617
Chile,CHL,1977,YR1977,67.005,4288.219062
Chile,CHL,1978,YR1978,67.698,4549.162156
Chile,CHL,1979,YR1979,68.378,4859.505993
Chile,CHL,1980,YR1980,69.033,5172.035749
Chile,CHL,1981,YR1981,69.655,5432.150496
Chile,CHL,1982,YR1982,70.239,4767.199469
Chile,CHL,1983,YR1983,70.782,4465.629293
Chile,CHL,1984,YR1984,71.282,4583.38407
Chile,CHL,1985,YR1985,71.737,4697.516658
Chile,CHL,1986,YR1986,72.148,4875.127073
Chile,CHL,1987,YR1987,72.524,5109.170624
Chile,CHL,1988,YR1988,72.872,5397.026413
Chile,CHL,1989,YR1989,73.198,5836.713989
Chile,CHL,1990,YR1990,73.509,5933.207064
Chile,CHL,1991,YR1991,73.808,6291.684907
Chile,CHL,1992,YR1992,74.1,6879.779489
Chile,CHL,1993,YR1993,74.386,7214.692918
Chile,CHL,1994,YR1994,74.671,7459.177306
Chile,CHL,1995,YR1995,74.957,8004.315446
Chile,CHL,1996,YR1996,75.244,8427.821896
Chile,CHL,1997,YR1997,75.53,8932.072289
Chile,CHL,1998,YR1998,75.813,9199.197679
Chile,CHL,1999,YR1999,76.092,9049.471579
Chile,CHL,2000,YR2000,76.366,9419.98295
Chile,CHL,2001,YR2001,76.634,9622.153629
Chile,CHL,2002,YR2002,76.894,9814.656135
Chile,CHL,2003,YR2003,77.146,10109.66805
Chile,CHL,2004,YR2004,77.391,10726.64485
Chile,CHL,2005,YR2005,77.63,11225.07995
Chile,CHL,2006,YR2006,77.865,11808.83477
Chile,CHL,2007,YR2007,78.099,12256.42969
Chile,CHL,2008,YR2008,78.33,12553.79484
Chile,CHL,2009,YR2009,78.558,12227.21453
Chile,CHL,2010,YR2010,78.779,12808.03459
Chile,CHL,2011,YR2011,78.986,13455.83781
Chile,CHL,2012,YR2012,79.176,14035.67913
Chile,CHL,2013,YR2013,79.349,14461.17438
Chile,CHL,2014,YR2014,79.504,14561.32616
Chile,CHL,2015,YR2015,79.646,14722.36633
Chile,CHL,2016,YR2016,79.779,14777.14884
Chile,CHL,2017,YR2017,79.909,14741.1925
Chile,CHL,2018,YR2018,80.042,15111.69542
Colombia,COL,1960,YR1960,57.269,2339.444534
Colombia,COL,1961,YR1961,57.813,2382.809587
Colombia,COL,1962,YR1962,58.329,2434.602096
Colombia,COL,1963,YR1963,58.825,2438.017898
Colombia,COL,1964,YR1964,59.308,2510.724598
Colombia,COL,1965,YR1965,59.784,2524.703194
Colombia,COL,1966,YR1966,60.257,2580.501406
Colombia,COL,1967,YR1967,60.729,2611.645207
Colombia,COL,1968,YR1968,61.201,2691.143996
Colombia,COL,1969,YR1969,61.675,2780.553055
Colombia,COL,1970,YR1970,62.152,2879.251257
Colombia,COL,1971,YR1971,62.629,2978.233666
Colombia,COL,1972,YR1972,63.105,3133.659678
Colombia,COL,1973,YR1973,63.578,3270.534625
Colombia,COL,1974,YR1974,64.047,3382.94847
Colombia,COL,1975,YR1975,64.518,3385.724059
Colombia,COL,1976,YR1976,64.994,3467.629634
Colombia,COL,1977,YR1977,65.477,3531.965873
Colombia,COL,1978,YR1978,65.964,3746.390955
Colombia,COL,1979,YR1979,66.451,3860.9935
Colombia,COL,1980,YR1980,66.926,3931.034505
Colombia,COL,1981,YR1981,67.38,3933.377738
Colombia,COL,1982,YR1982,67.802,3885.167951
Colombia,COL,1983,YR1983,68.187,3862.159546
Colombia,COL,1984,YR1984,68.529,3907.596871
Colombia,COL,1985,YR1985,68.823,3945.613007
Colombia,COL,1986,YR1986,69.065,4090.557079
Colombia,COL,1987,YR1987,69.266,4224.106855
Colombia,COL,1988,YR1988,69.436,4309.156487
Colombia,COL,1989,YR1989,69.591,4369.096571
Colombia,COL,1990,YR1990,69.75,4467.394602
Colombia,COL,1991,YR1991,69.936,4468.297725
Colombia,COL,1992,YR1992,70.161,4559.326404
Colombia,COL,1993,YR1993,70.433,4713.302671
Colombia,COL,1994,YR1994,70.752,4894.239198
Colombia,COL,1995,YR1995,71.112,5055.207691
Colombia,COL,1996,YR1996,71.497,5068.000037
Colombia,COL,1997,YR1997,71.887,5151.886726
Colombia,COL,1998,YR1998,72.264,5094.738926
Colombia,COL,1999,YR1999,72.619,4801.06864
Colombia,COL,2000,YR2000,72.945,4862.876053
Colombia,COL,2001,YR2001,73.241,4867.58232
Colombia,COL,2002,YR2002,73.517,4913.857496
Colombia,COL,2003,YR2003,73.777,5031.49228
Colombia,COL,2004,YR2004,74.026,5225.245253
Colombia,COL,2005,YR2005,74.265,5404.122236
Colombia,COL,2006,YR2006,74.5,5693.264528
Colombia,COL,2007,YR2007,74.732,6002.33107
Colombia,COL,2008,YR2008,74.962,6126.926503
Colombia,COL,2009,YR2009,75.193,6128.195589
Colombia,COL,2010,YR2010,75.424,6336.709474
Colombia,COL,2011,YR2011,75.655,6711.668052
Colombia,COL,2012,YR2012,75.882,6911.761191
Colombia,COL,2013,YR2013,76.105,7201.006087
Colombia,COL,2014,YR2014,76.322,7449.325237
Colombia,COL,2015,YR2015,76.531,7580.275713
Colombia,COL,2016,YR2016,76.732,7633.389843
Colombia,COL,2017,YR2017,76.925,7620.916172
Colombia,COL,2018,YR2018,77.109,7694.427333
México,MEX,1960,YR1960,57.077,3907.493801
México,MEX,1961,YR1961,57.668,3977.12743
México,MEX,1962,YR1962,58.193,4035.334366
México,MEX,1963,YR1963,58.656,4229.161352
México,MEX,1964,YR1964,59.069,4587.853252
México,MEX,1965,YR1965,59.447,4762.94719
México,MEX,1966,YR1966,59.807,4898.341186
México,MEX,1967,YR1967,60.165,5026.513192
México,MEX,1968,YR1968,60.536,5332.580447
México,MEX,1969,YR1969,60.932,5347.784072
México,MEX,1970,YR1970,61.362,5524.272386
México,MEX,1971,YR1971,61.829,5561.181871
México,MEX,1972,YR1972,62.327,5841.222341
México,MEX,1973,YR1973,62.845,6117.589153
México,MEX,1974,YR1974,63.378,6287.634863
México,MEX,1975,YR1975,63.922,6465.769053
México,MEX,1976,YR1976,64.467,6571.23112
México,MEX,1977,YR1977,65.009,6618.139039
México,MEX,1978,YR1978,65.54,7029.240771
México,MEX,1979,YR1979,66.055,7520.981611
México,MEX,1980,YR1980,66.553,8016.884744
México,MEX,1981,YR1981,67.031,8494.012101
México,MEX,1982,YR1982,67.493,8253.446209
México,MEX,1983,YR1983,67.942,7784.85919
México,MEX,1984,YR1984,68.38,7872.457697
México,MEX,1985,YR1985,68.809,7872.017716
México,MEX,1986,YR1986,69.232,7470.792683
México,MEX,1987,YR1987,69.649,7445.85369
México,MEX,1988,YR1988,70.062,7393.108281
México,MEX,1989,YR1989,70.469,7548.976672
México,MEX,1990,YR1990,70.866,7790.799673
México,MEX,1991,YR1991,71.248,7970.144395
México,MEX,1992,YR1992,71.61,8104.291077
México,MEX,1993,YR1993,71.953,8117.089816
México,MEX,1994,YR1994,72.279,8373.513529
México,MEX,1995,YR1995,72.598,7717.721531
México,MEX,1996,YR1996,72.925,8109.198698
México,MEX,1997,YR1997,73.268,8530.355085
México,MEX,1998,YR1998,73.625,8835.875543
México,MEX,1999,YR1999,73.988,8946.132877
México,MEX,2000,YR2000,74.34,9253.968046
México,MEX,2001,YR2001,74.658,9088.053319
México,MEX,2002,YR2002,74.922,8960.554086
México,MEX,2003,YR2003,75.118,8967.02919
México,MEX,2004,YR2004,75.243,9190.741592
México,MEX,2005,YR2005,75.3,9270.656542
México,MEX,2006,YR2006,75.296,9547.333571
México,MEX,2007,YR2007,75.255,9622.047957
México,MEX,2008,YR2008,75.194,9587.636339
México,MEX,2009,YR2009,75.128,8947.741474
México,MEX,2010,YR2010,75.065,9271.398233
México,MEX,2011,YR2011,75.011,9477.887185
México,MEX,2012,YR2012,74.966,9690.869065
México,MEX,2013,YR2013,74.93,9693.722969
México,MEX,2014,YR2014,74.908,9843.398439
México,MEX,2015,YR2015,74.904,10042.13896
México,MEX,2016,YR2016,74.917,10183.03307
México,MEX,2017,YR2017,74.947,10277.88352
México,MEX,2018,YR2018,74.992,10385.83266
Belice,BLZ,1960,YR1960,59.981,1079.383299
Belice,BLZ,1961,YR1961,60.531,1100.640049
Belice,BLZ,1962,YR1962,61.092,1122.707195
Belice,BLZ,1963,YR1963,61.663,1145.648848
Belice,BLZ,1964,YR1964,62.241,1169.025332
Belice,BLZ,1965,YR1965,62.823,1191.408647
Belice,BLZ,1966,YR1966,63.402,1211.399726
Belice,BLZ,1967,YR1967,63.971,1233.193062
Belice,BLZ,1968,YR1968,64.525,1285.611005
Belice,BLZ,1969,YR1969,65.058,1315.002263
Belice,BLZ,1970,YR1970,65.566,1345.274407
Belice,BLZ,1971,YR1971,66.047,1369.2786
Belice,BLZ,1972,YR1972,66.504,1481.219445
Belice,BLZ,1973,YR1973,66.939,1534.616084
Belice,BLZ,1974,YR1974,67.354,1715.993211
Belice,BLZ,1975,YR1975,67.751,1751.593439
Belice,BLZ,1976,YR1976,68.135,1726.549097
Belice,BLZ,1977,YR1977,68.509,1813.991996
Belice,BLZ,1978,YR1978,68.874,1929.837828
Belice,BLZ,1979,YR1979,69.229,2040.543899
Belice,BLZ,1980,YR1980,69.577,2268.962276
Belice,BLZ,1981,YR1981,69.921,2241.645231
Belice,BLZ,1982,YR1982,70.257,2181.084647
Belice,BLZ,1983,YR1983,70.575,2075.140364
Belice,BLZ,1984,YR1984,70.865,2056.348069
Belice,BLZ,1985,YR1985,71.11,2019.559658
Belice,BLZ,1986,YR1986,71.294,2053.378395
Belice,BLZ,1987,YR1987,71.405,2211.830139
Belice,BLZ,1988,YR1988,71.437,2364.458854
Belice,BLZ,1989,YR1989,71.386,2607.377472
Belice,BLZ,1990,YR1990,71.242,2842.491747
Belice,BLZ,1991,YR1991,70.996,3109.076176
Belice,BLZ,1992,YR1992,70.662,3426.712788
Belice,BLZ,1993,YR1993,70.268,3580.98744
Belice,BLZ,1994,YR1994,69.845,3513.539262
Belice,BLZ,1995,YR1995,69.439,3446.324005
Belice,BLZ,1996,YR1996,69.1,3385.536814
Belice,BLZ,1997,YR1997,68.858,3381.457741
Belice,BLZ,1998,YR1998,68.734,3375.415417
Belice,BLZ,1999,YR1999,68.734,3537.585989
Belice,BLZ,2000,YR2000,68.847,3863.547483
Belice,BLZ,2001,YR2001,69.04,3921.77712
Belice,BLZ,2002,YR2002,69.272,3992.764924
Belice,BLZ,2003,YR2003,69.511,4251.270697
Belice,BLZ,2004,YR2004,69.749,4340.747197
Belice,BLZ,2005,YR2005,69.998,4311.70192
Belice,BLZ,2006,YR2006,70.286,4402.687491
Belice,BLZ,2007,YR2007,70.636,4311.266065
Belice,BLZ,2008,YR2008,71.059,4348.225474
Belice,BLZ,2009,YR2009,71.541,4249.301505
Belice,BLZ,2010,YR2010,72.057,4270.864345
Belice,BLZ,2011,YR2011,72.57,4250.493617
Belice,BLZ,2012,YR2012,73.044,4253.09941
Belice,BLZ,2013,YR2013,73.452,4212.331737
Belice,BLZ,2014,YR2014,73.782,4270.945104
Belice,BLZ,2015,YR2015,74.034,4300.559338
Belice,BLZ,2016,YR2016,74.219,4216.977268
Belice,BLZ,2017,YR2017,74.365,4211.59955
Belice,BLZ,2018,YR2018,74.496,4217.207161
Bolivia,BOL,1960,YR1960,41.82,1005.408468
Bolivia,BOL,1961,YR1961,42.15,1006.593619
Bolivia,BOL,1962,YR1962,42.49,1042.063986
Bolivia,BOL,1963,YR1963,42.84,1091.038039
Bolivia,BOL,1964,YR1964,43.199,1111.691013
Bolivia,BOL,1965,YR1965,43.568,1142.889562
Bolivia,BOL,1966,YR1966,43.947,1199.989708
Bolivia,BOL,1967,YR1967,44.337,1249.67791
Bolivia,BOL,1968,YR1968,44.737,1328.230833
Bolivia,BOL,1969,YR1969,45.147,1358.657112
Bolivia,BOL,1970,YR1970,45.568,1399.515186
Bolivia,BOL,1971,YR1971,45.999,1439.011797
Bolivia,BOL,1972,YR1972,46.441,1520.268151
Bolivia,BOL,1973,YR1973,46.893,1572.743635
Bolivia,BOL,1974,YR1974,47.355,1583.775151
Bolivia,BOL,1975,YR1975,47.828,1662.482406
Bolivia,BOL,1976,YR1976,48.312,1701.092532
Bolivia,BOL,1977,YR1977,48.806,1746.450078
Bolivia,BOL,1978,YR1978,49.31,1743.38944
Bolivia,BOL,1979,YR1979,49.824,1708.169151
Bolivia,BOL,1980,YR1980,50.349,1649.255576
Bolivia,BOL,1981,YR1981,50.883,1619.790768
Bolivia,BOL,1982,YR1982,51.427,1524.614106
Bolivia,BOL,1983,YR1983,51.98,1433.774799
Bolivia,BOL,1984,YR1984,52.543,1402.225117
Bolivia,BOL,1985,YR1985,53.115,1350.754071
Bolivia,BOL,1986,YR1986,53.695,1288.94019
Bolivia,BOL,1987,YR1987,54.284,1293.286046
Bolivia,BOL,1988,YR1988,54.881,1303.107769
Bolivia,BOL,1989,YR1989,55.486,1324.163308
Bolivia,BOL,1990,YR1990,56.099,1356.539894
Bolivia,BOL,1991,YR1991,56.721,1398.123019
Bolivia,BOL,1992,YR1992,57.351,1391.480124
Bolivia,BOL,1993,YR1993,57.989,1420.743231
Bolivia,BOL,1994,YR1994,58.631,1456.394559
Bolivia,BOL,1995,YR1995,59.276,1493.41842
Bolivia,BOL,1996,YR1996,59.922,1527.111292
Bolivia,BOL,1997,YR1997,60.566,1570.824928
Bolivia,BOL,1998,YR1998,61.204,1617.367055
Bolivia,BOL,1999,YR1999,61.835,1592.737364
Bolivia,BOL,2000,YR2000,62.452,1601.416607
Bolivia,BOL,2001,YR2001,63.054,1597.64196
Bolivia,BOL,2002,YR2002,63.64,1606.904626
Bolivia,BOL,2003,YR2003,64.21,1620.263612
Bolivia,BOL,2004,YR2004,64.766,1657.505076
Bolivia,BOL,2005,YR2005,65.312,1700.182737
Bolivia,BOL,2006,YR2006,65.853,1750.802993
Bolivia,BOL,2007,YR2007,66.395,1799.498489
Bolivia,BOL,2008,YR2008,66.937,1878.110253
Bolivia,BOL,2009,YR2009,67.476,1909.084527
Bolivia,BOL,2010,YR2010,68.007,1955.461544
Bolivia,BOL,2011,YR2011,68.521,2024.11724
Bolivia,BOL,2012,YR2012,69.01,2094.024152
Bolivia,BOL,2013,YR2013,69.468,2201.39677
Bolivia,BOL,2014,YR2014,69.891,2286.013172
Bolivia,BOL,2015,YR2015,70.277,2361.056537
Bolivia,BOL,2016,YR2016,70.626,2425.561575
Bolivia,BOL,2017,YR2017,70.945,2490.956226
Bolivia,BOL,2018,YR2018,71.239,2559.511191
Brasil,BRA,1960,YR1960,54.143,3417.352442
Brasil,BRA,1961,YR1961,54.634,3660.391499
Brasil,BRA,1962,YR1962,55.13,3740.43328
Brasil,BRA,1963,YR1963,55.627,3664.977598
Brasil,BRA,1964,YR1964,56.121,3685.492892
Brasil,BRA,1965,YR1965,56.61,3692.845789
Brasil,BRA,1966,YR1966,57.091,3741.855636
Brasil,BRA,1967,YR1967,57.563,3821.461063
Brasil,BRA,1968,YR1968,58.025,4147.381727
Brasil,BRA,1969,YR1969,58.475,4435.37903
Brasil,BRA,1970,YR1970,58.911,4704.317561
Brasil,BRA,1971,YR1971,59.332,5108.403386
Brasil,BRA,1972,YR1972,59.739,5587.886256
Brasil,BRA,1973,YR1973,60.132,6219.514016
Brasil,BRA,1974,YR1974,60.513,6623.415508
Brasil,BRA,1975,YR1975,60.884,6805.298288
Brasil,BRA,1976,YR1976,61.243,7296.347484
Brasil,BRA,1977,YR1977,61.595,7453.590172
Brasil,BRA,1978,YR1978,61.942,7514.289263
Brasil,BRA,1979,YR1979,62.286,7835.070313
Brasil,BRA,1980,YR1980,62.63,8349.48782
Brasil,BRA,1981,YR1981,62.976,7796.854344
Brasil,BRA,1982,YR1982,63.326,7660.578573
Brasil,BRA,1983,YR1983,63.68,7230.716108
Brasil,BRA,1984,YR1984,64.039,7442.972411
Brasil,BRA,1985,YR1985,64.406,7862.703519
Brasil,BRA,1986,YR1986,64.782,8316.516809
Brasil,BRA,1987,YR1987,65.165,8445.712012
Brasil,BRA,1988,YR1988,65.553,8276.326867
Brasil,BRA,1989,YR1989,65.947,8389.978723
Brasil,BRA,1990,YR1990,66.343,7983.746776
Brasil,BRA,1991,YR1991,66.742,7963.111809
Brasil,BRA,1992,YR1992,67.141,7791.757425
Brasil,BRA,1993,YR1993,67.539,8020.606574
Brasil,BRA,1994,YR1994,67.932,8311.560888
Brasil,BRA,1995,YR1995,68.318,8540.076878
Brasil,BRA,1996,YR1996,68.695,8591.014709
Brasil,BRA,1997,YR1997,69.061,8744.846346
Brasil,BRA,1998,YR1998,69.419,8641.275309
Brasil,BRA,1999,YR1999,69.769,8554.072776
Brasil,BRA,2000,YR2000,70.116,8803.152529
Brasil,BRA,2001,YR2001,70.462,8804.329488
Brasil,BRA,2002,YR2002,70.813,8954.837245
Brasil,BRA,2003,YR2003,71.17,8943.828483
Brasil,BRA,2004,YR2004,71.531,9346.039343
Brasil,BRA,2005,YR2005,71.896,9535.41883
Brasil,BRA,2006,YR2006,72.26,9805.724506
Brasil,BRA,2007,YR2007,72.618,10293.53034
Brasil,BRA,2008,YR2008,72.966,10710.87222
Brasil,BRA,2009,YR2009,73.3,10594.98659
Brasil,BRA,2010,YR2010,73.619,11286.24302
Brasil,BRA,2011,YR2011,73.921,11627.81065
Brasil,BRA,2012,YR2012,74.209,11745.77593
Brasil,BRA,2013,YR2013,74.483,11993.48398
Brasil,BRA,2014,YR2014,74.745,11951.20945
Brasil,BRA,2015,YR2015,74.994,11431.15448
Brasil,BRA,2016,YR2016,75.23,10965.97426
Brasil,BRA,2017,YR2017,75.456,11021.71826
Brasil,BRA,2018,YR2018,75.672,11079.70968
Canadá,CAN,1960,YR1960,71.13317073,16405.90534
Canadá,CAN,1961,YR1961,71.34609756,16589.55091
Canadá,CAN,1962,YR1962,71.36707317,17492.99433
Canadá,CAN,1963,YR1963,71.38073171,18088.66803
Canadá,CAN,1964,YR1964,71.77634146,18929.92775
Canadá,CAN,1965,YR1965,71.87219512,19764.64638
Canadá,CAN,1966,YR1966,72.00439024,20700.63596
Canadá,CAN,1967,YR1967,72.20780488,20959.97701
Canadá,CAN,1968,YR1968,72.35341463,21654.85265
Canadá,CAN,1969,YR1969,72.50146341,22440.21639
Canadá,CAN,1970,YR1970,72.7004878,24773.89477
Canadá,CAN,1971,YR1971,73.02926829,25009.18466
Canadá,CAN,1972,YR1972,72.93390244,26082.56884
Canadá,CAN,1973,YR1973,73.16268293,27526.8919
Canadá,CAN,1974,YR1974,73.23756098,28035.7333
Canadá,CAN,1975,YR1975,73.52170732,28033.2771
Canadá,CAN,1976,YR1976,73.85609756,29293.26015
Canadá,CAN,1977,YR1977,74.21560976,29947.88095
Canadá,CAN,1978,YR1978,74.5297561,30743.44774
Canadá,CAN,1979,YR1979,74.86634146,31570.38587
Canadá,CAN,1980,YR1980,75.07804878,31837.66166
Canadá,CAN,1981,YR1981,75.46341463,32539.91059
Canadá,CAN,1982,YR1982,75.76341463,31130.23398
Canadá,CAN,1983,YR1983,76.06585366,31625.86902
Canadá,CAN,1984,YR1984,76.21707317,33179.75834
Canadá,CAN,1985,YR1985,76.36829268,34435.51127
Canadá,CAN,1986,YR1986,76.5195122,34826.23031
Canadá,CAN,1987,YR1987,76.7195122,35770.05772
Canadá,CAN,1988,YR1988,76.9195122,36866.42522
Canadá,CAN,1989,YR1989,77.1195122,37049.8671
Canadá,CAN,1990,YR1990,77.42195122,36555.56857
Canadá,CAN,1991,YR1991,77.62195122,35350.91941
Canadá,CAN,1992,YR1992,77.72439024,35249.45116
Canadá,CAN,1993,YR1993,77.82439024,35791.89121
Canadá,CAN,1994,YR1994,77.82682927,36993.14825
Canadá,CAN,1995,YR1995,78.02926829,37598.65558
Canadá,CAN,1996,YR1996,78.1804878,37810.13594
Canadá,CAN,1997,YR1997,78.43170732,35996.71024
Canadá,CAN,1998,YR1998,78.63414634,36697.54986
Canadá,CAN,1999,YR1999,78.88536585,37845.73975
Canadá,CAN,2000,YR2000,79.13658537,39338.8369
Canadá,CAN,2001,YR2001,79.33902439,39460.73607
Canadá,CAN,2002,YR2002,79.4902439,40369.74456
Canadá,CAN,2003,YR2003,79.74146341,41532.21955
Canadá,CAN,2004,YR2004,79.89268293,42757.00398
Canadá,CAN,2005,YR2005,80.19268293,44471.08006
Canadá,CAN,2006,YR2006,80.34390244,45857.99655
Canadá,CAN,2007,YR2007,80.54390244,48534.17448
Canadá,CAN,2008,YR2008,80.69512195,48495.20404
Canadá,CAN,2009,YR2009,80.99512195,46540.64371
Canadá,CAN,2010,YR2010,81.24634146,47448.01322
Canadá,CAN,2011,YR2011,81.44878049,48464.49628
Canadá,CAN,2012,YR2012,81.64878049,48785.93608
Canadá,CAN,2013,YR2013,81.74878049,49397.52332
Canadá,CAN,2014,YR2014,81.8,50306.94462
Canadá,CAN,2015,YR2015,81.9,50262.02767
Canadá,CAN,2016,YR2016,81.9,50193.75041
Canadá,CAN,2017,YR2017,81.94878049,51170.47584
Canadá,CAN,2018,YR2018,81.94878049,51476.20077
Costa Rica,CRI,1960,YR1960,60.381,2911.055356
Costa Rica,CRI,1961,YR1961,61.018,2857.537972
Costa Rica,CRI,1962,YR1962,61.638,2903.426093
Costa Rica,CRI,1963,YR1963,62.236,2992.618905
Costa Rica,CRI,1964,YR1964,62.807,2994.573301
Costa Rica,CRI,1965,YR1965,63.348,3132.245852
Costa Rica,CRI,1966,YR1966,63.862,3244.140729
Costa Rica,CRI,1967,YR1967,64.358,3323.106564
Costa Rica,CRI,1968,YR1968,64.847,3499.572488
Costa Rica,CRI,1969,YR1969,65.339,3588.68426
Costa Rica,CRI,1970,YR1970,65.844,3754.57418
Costa Rica,CRI,1971,YR1971,66.378,3906.142526
Costa Rica,CRI,1972,YR1972,66.943,4121.062214
Costa Rica,CRI,1973,YR1973,67.541,4331.052595
Costa Rica,CRI,1974,YR1974,68.17,4459.899795
Costa Rica,CRI,1975,YR1975,68.825,4440.608333
Costa Rica,CRI,1976,YR1976,69.501,4566.797549
Costa Rica,CRI,1977,YR1977,70.182,4845.057228
Costa Rica,CRI,1978,YR1978,70.853,5013.857572
Costa Rica,CRI,1979,YR1979,71.501,5122.36997
Costa Rica,CRI,1980,YR1980,72.113,5023.735699
Costa Rica,CRI,1981,YR1981,72.678,4778.922424
Costa Rica,CRI,1982,YR1982,73.193,4311.760597
Costa Rica,CRI,1983,YR1983,73.657,4316.046452
Costa Rica,CRI,1984,YR1984,74.07,4537.76595
Costa Rica,CRI,1985,YR1985,74.429,4449.44858
Costa Rica,CRI,1986,YR1986,74.738,4572.916069
Costa Rica,CRI,1987,YR1987,75.006,4666.893024
Costa Rica,CRI,1988,YR1988,75.243,4703.041173
Costa Rica,CRI,1989,YR1989,75.456,4841.828289
Costa Rica,CRI,1990,YR1990,75.654,4884.602531
Costa Rica,CRI,1991,YR1991,75.844,4866.333183
Costa Rica,CRI,1992,YR1992,76.028,5177.348246
Costa Rica,CRI,1993,YR1993,76.211,5403.268666
Costa Rica,CRI,1994,YR1994,76.394,5504.478222
Costa Rica,CRI,1995,YR1995,76.579,5591.194803
Costa Rica,CRI,1996,YR1996,76.765,5525.097212
Costa Rica,CRI,1997,YR1997,76.948,5696.768255
Costa Rica,CRI,1998,YR1998,77.124,5957.299932
Costa Rica,CRI,1999,YR1999,77.293,6062.262095
Costa Rica,CRI,2000,YR2000,77.452,6172.408361
Costa Rica,CRI,2001,YR2001,77.601,6274.316086
Costa Rica,CRI,2002,YR2002,77.74,6375.203852
Costa Rica,CRI,2003,YR2003,77.871,6545.736721
Costa Rica,CRI,2004,YR2004,77.996,6730.831394
Costa Rica,CRI,2005,YR2005,78.117,6892.92318
Costa Rica,CRI,2006,YR2006,78.239,7289.903923
Costa Rica,CRI,2007,YR2007,78.362,7779.324927
Costa Rica,CRI,2008,YR2008,78.491,8034.329922
Costa Rica,CRI,2009,YR2009,78.626,7854.952375
Costa Rica,CRI,2010,YR2010,78.769,8141.913127
Costa Rica,CRI,2011,YR2011,78.919,8390.479071
Costa Rica,CRI,2012,YR2012,79.074,8689.965168
Costa Rica,CRI,2013,YR2013,79.234,8785.741385
Costa Rica,CRI,2014,YR2014,79.398,8993.526002
Costa Rica,CRI,2015,YR2015,79.565,9219.389701
Costa Rica,CRI,2016,YR2016,79.738,9509.738189
Costa Rica,CRI,2017,YR2017,79.914,9775.850878
Costa Rica,CRI,2018,YR2018,80.095,9936.584528
Estados Unidos,USA,1960,YR1960,69.77073171,17562.66615
Estados Unidos,USA,1961,YR1961,70.27073171,17671.22471
Estados Unidos,USA,1962,YR1962,70.1195122,18463.01386
Estados Unidos,USA,1963,YR1963,69.91707317,18999.96851
Estados Unidos,USA,1964,YR1964,70.16585366,19824.67145
Estados Unidos,USA,1965,YR1965,70.21463415,20831.38761
Estados Unidos,USA,1966,YR1966,70.21219512,21930.68366
Estados Unidos,USA,1967,YR1967,70.56097561,22235.50948
Estados Unidos,USA,1968,YR1968,69.95121951,23071.30211
Estados Unidos,USA,1969,YR1969,70.50731707,23555.19261
Estados Unidos,USA,1970,YR1970,70.80731707,23207.21993
Estados Unidos,USA,1971,YR1971,71.10731707,23670.34573
Estados Unidos,USA,1972,YR1972,71.15609756,24649.84473
Estados Unidos,USA,1973,YR1973,71.35609756,25794.12816
Estados Unidos,USA,1974,YR1974,71.95609756,25421.36967
Estados Unidos,USA,1975,YR1975,72.60487805,25120.23085
Estados Unidos,USA,1976,YR1976,72.85609756,26223.37644
Estados Unidos,USA,1977,YR1977,73.25609756,27161.42669
Estados Unidos,USA,1978,YR1978,73.35609756,28362.7718
Estados Unidos,USA,1979,YR1979,73.80487805,28939.63994
Estados Unidos,USA,1980,YR1980,73.6097561,28589.67273
Estados Unidos,USA,1981,YR1981,74.0097561,29028.90149
Estados Unidos,USA,1982,YR1982,74.36097561,28235.08967
Estados Unidos,USA,1983,YR1983,74.46341463,29260.58618
Estados Unidos,USA,1984,YR1984,74.56341463,31107.55963
Estados Unidos,USA,1985,YR1985,74.56341463,32118.75942
Estados Unidos,USA,1986,YR1986,74.61463415,32925.22668
Estados Unidos,USA,1987,YR1987,74.76585366,33761.17884
Estados Unidos,USA,1988,YR1988,74.76585366,34853.48847
Estados Unidos,USA,1989,YR1989,75.01707317,35793.8965
Estados Unidos,USA,1990,YR1990,75.21463415,36059.30163
Estados Unidos,USA,1991,YR1991,75.36585366,35542.14111
Estados Unidos,USA,1992,YR1992,75.61707317,36287.32286
Estados Unidos,USA,1993,YR1993,75.4195122,36797.79765
Estados Unidos,USA,1994,YR1994,75.6195122,37813.75818
Estados Unidos,USA,1995,YR1995,75.62195122,38369.16184
Estados Unidos,USA,1996,YR1996,76.02682927,39356.0918
Estados Unidos,USA,1997,YR1997,76.42926829,40614.40561
Estados Unidos,USA,1998,YR1998,76.5804878,41942.70951
Estados Unidos,USA,1999,YR1999,76.58292683,43434.69267
Estados Unidos,USA,2000,YR2000,76.63658537,44726.9654
Estados Unidos,USA,2001,YR2001,76.83658537,44728.59748
Estados Unidos,USA,2002,YR2002,76.93658537,45087.36728
Estados Unidos,USA,2003,YR2003,77.03658537,45980.51458
Estados Unidos,USA,2004,YR2004,77.48780488,47287.59377
Estados Unidos,USA,2005,YR2005,77.48780488,48499.81237
Estados Unidos,USA,2006,YR2006,77.68780488,49405.7673
Estados Unidos,USA,2007,YR2007,77.98780488,49856.28149
Estados Unidos,USA,2008,YR2008,78.03902439,49319.47886
Estados Unidos,USA,2009,YR2009,78.3902439,47648.81325
Estados Unidos,USA,2010,YR2010,78.54146341,48467.51578
Estados Unidos,USA,2011,YR2011,78.64146341,48866.05328
Estados Unidos,USA,2012,YR2012,78.74146341,49603.25347
Estados Unidos,USA,2013,YR2013,78.74146341,50171.23713
Estados Unidos,USA,2014,YR2014,78.84146341,51065.68269
Estados Unidos,USA,2015,YR2015,78.6902439,52168.12624
Estados Unidos,USA,2016,YR2016,78.53902439,52643.91784
Estados Unidos,USA,2017,YR2017,78.53902439,53552.48501
Estados Unidos,USA,2018,YR2018,78.53902439,54832.97823
Guatemala,GTM,1960,YR1960,46.702,1490.727515
Guatemala,GTM,1961,YR1961,47.219,1509.817664
Guatemala,GTM,1962,YR1962,47.75,1517.981515
Guatemala,GTM,1963,YR1963,48.295,1614.924965
Guatemala,GTM,1964,YR1964,48.856,1641.554437
Guatemala,GTM,1965,YR1965,49.434,1665.011305
Guatemala,GTM,1966,YR1966,50.032,1708.205154
Guatemala,GTM,1967,YR1967,50.646,1730.303068
Guatemala,GTM,1968,YR1968,51.267,1832.37036
Guatemala,GTM,1969,YR1969,51.889,1870.105756
Guatemala,GTM,1970,YR1970,52.501,1927.892891
Guatemala,GTM,1971,YR1971,53.091,1986.609859
Guatemala,GTM,1972,YR1972,53.652,2082.29655
Guatemala,GTM,1973,YR1973,54.181,2172.408279
Guatemala,GTM,1974,YR1974,54.676,2258.533745
Guatemala,GTM,1975,YR1975,55.14,2251.180079
Guatemala,GTM,1976,YR1976,55.577,2363.952088
Guatemala,GTM,1977,YR1977,56,2491.852043
Guatemala,GTM,1978,YR1978,56.418,2556.852543
Guatemala,GTM,1979,YR1979,56.84,2614.159951
Guatemala,GTM,1980,YR1980,57.272,2645.622543
Guatemala,GTM,1981,YR1981,57.719,2594.638609
Guatemala,GTM,1982,YR1982,58.183,2437.055511
Guatemala,GTM,1983,YR1983,58.661,2310.761399
Guatemala,GTM,1984,YR1984,59.154,2259.480407
Guatemala,GTM,1985,YR1985,59.661,2184.707386
Guatemala,GTM,1986,YR1986,60.176,2128.206631
Guatemala,GTM,1987,YR1987,60.694,2143.457804
Guatemala,GTM,1988,YR1988,61.214,2166.089114
Guatemala,GTM,1989,YR1989,61.735,2190.212578
Guatemala,GTM,1990,YR1990,62.261,2197.253008
Guatemala,GTM,1991,YR1991,62.799,2217.195
Guatemala,GTM,1992,YR1992,63.352,2264.254452
Guatemala,GTM,1993,YR1993,63.921,2293.913069
Guatemala,GTM,1994,YR1994,64.502,2327.741845
Guatemala,GTM,1995,YR1995,65.09,2383.735428
Guatemala,GTM,1996,YR1996,65.678,2395.975296
Guatemala,GTM,1997,YR1997,66.257,2442.263422
Guatemala,GTM,1998,YR1998,66.817,2504.361694
Guatemala,GTM,1999,YR1999,67.351,2539.807269
Guatemala,GTM,2000,YR2000,67.849,2568.190356
Guatemala,GTM,2001,YR2001,68.304,2565.710302
Guatemala,GTM,2002,YR2002,68.717,2604.378286
Guatemala,GTM,2003,YR2003,69.092,2612.687815
Guatemala,GTM,2004,YR2004,69.437,2638.350419
Guatemala,GTM,2005,YR2005,69.762,2668.357603
Guatemala,GTM,2006,YR2006,70.082,2755.50694
Guatemala,GTM,2007,YR2007,70.409,2871.903483
Guatemala,GTM,2008,YR2008,70.75,2909.509715
Guatemala,GTM,2009,YR2009,71.108,2870.311589
Guatemala,GTM,2010,YR2010,71.481,2898.942215
Guatemala,GTM,2011,YR2011,71.861,2965.153206
Guatemala,GTM,2012,YR2012,72.236,2999.422763
Guatemala,GTM,2013,YR2013,72.596,3056.152684
Guatemala,GTM,2014,YR2014,72.935,3137.260291
Guatemala,GTM,2015,YR2015,73.25,3210.86967
Guatemala,GTM,2016,YR2016,73.541,3242.636929
Guatemala,GTM,2017,YR2017,73.81,3286.741283
Guatemala,GTM,2018,YR2018,74.063,3338.547458
Guyana,GUY,1960,YR1960,60.26,2565.058027
Guyana,GUY,1961,YR1961,60.441,2605.803858
Guyana,GUY,1962,YR1962,60.623,2560.67519
Guyana,GUY,1963,YR1963,60.805,2187.484129
Guyana,GUY,1964,YR1964,60.984,2377.670973
Guyana,GUY,1965,YR1965,61.157,2571.761627
Guyana,GUY,1966,YR1966,61.317,2654.817955
Guyana,GUY,1967,YR1967,61.462,2722.830887
Guyana,GUY,1968,YR1968,61.588,2709.543094
Guyana,GUY,1969,YR1969,61.697,2859.061505
Guyana,GUY,1970,YR1970,61.789,2941.873066
Guyana,GUY,1971,YR1971,61.868,2996.258104
Guyana,GUY,1972,YR1972,61.938,2863.692411
Guyana,GUY,1973,YR1973,62.005,2867.687237
Guyana,GUY,1974,YR1974,62.072,3055.381933
Guyana,GUY,1975,YR1975,62.14,3279.044734
Guyana,GUY,1976,YR1976,62.211,3292.971978
Guyana,GUY,1977,YR1977,62.283,3171.081819
Guyana,GUY,1978,YR1978,62.355,3082.669045
Guyana,GUY,1979,YR1979,62.427,3002.187848
Guyana,GUY,1980,YR1980,62.498,3038.978172
Guyana,GUY,1981,YR1981,62.565,3078.216136
Guyana,GUY,1982,YR1982,62.626,2673.857615
Guyana,GUY,1983,YR1983,62.684,2499.591302
Guyana,GUY,1984,YR1984,62.741,2385.312437
Guyana,GUY,1985,YR1985,62.801,2457.718979
Guyana,GUY,1986,YR1986,62.869,2454.666129
Guyana,GUY,1987,YR1987,62.95,2499.625741
Guyana,GUY,1988,YR1988,63.046,2429.137718
Guyana,GUY,1989,YR1989,63.159,2325.361611
Guyana,GUY,1990,YR1990,63.287,2260.933308
Guyana,GUY,1991,YR1991,63.427,2394.14524
Guyana,GUY,1992,YR1992,63.576,2565.654114
Guyana,GUY,1993,YR1993,63.73,2755.003389
Guyana,GUY,1994,YR1994,63.891,2971.348921
Guyana,GUY,1995,YR1995,64.064,3111.032645
Guyana,GUY,1996,YR1996,64.255,3360.720986
Guyana,GUY,1997,YR1997,64.468,3581.735689
Guyana,GUY,1998,YR1998,64.705,3541.179315
Guyana,GUY,1999,YR1999,64.964,3665.963206
Guyana,GUY,2000,YR2000,65.242,3630.295611
Guyana,GUY,2001,YR2001,65.532,3720.5677
Guyana,GUY,2002,YR2002,65.828,3764.814556
Guyana,GUY,2003,YR2003,66.122,3739.235175
Guyana,GUY,2004,YR2004,66.412,3794.667621
Guyana,GUY,2005,YR2005,66.694,3718.511077
Guyana,GUY,2006,YR2006,66.972,3908.313349
Guyana,GUY,2007,YR2007,67.247,4188.635629
Guyana,GUY,2008,YR2008,67.521,4260.195805
Guyana,GUY,2009,YR2009,67.792,4408.734296
Guyana,GUY,2010,YR2010,68.059,4580.662462
Guyana,GUY,2011,YR2011,68.321,4802.078866
Guyana,GUY,2012,YR2012,68.575,5032.891754
Guyana,GUY,2013,YR2013,68.819,5190.064547
Guyana,GUY,2014,YR2014,69.049,5249.279222
Guyana,GUY,2015,YR2015,69.262,5257.456233
Guyana,GUY,2016,YR2016,69.454,5429.798843
Guyana,GUY,2017,YR2017,69.624,5604.564863
Guyana,GUY,2018,YR2018,69.774,5825.036918
Haití,HTI,1960,YR1960,41.762,1512.003465
Haití,HTI,1961,YR1961,42.182,1439.455411
Haití,HTI,1962,YR1962,42.591,1523.15255
Haití,HTI,1963,YR1963,43,1465.666047
Haití,HTI,1964,YR1964,43.414,1413.957477
Haití,HTI,1965,YR1965,43.837,1417.01767
Haití,HTI,1966,YR1966,44.267,1382.057591
Haití,HTI,1967,YR1967,44.7,1327.116211
Haití,HTI,1968,YR1968,45.134,1343.679722
Haití,HTI,1969,YR1969,45.573,1369.436565
Haití,HTI,1970,YR1970,46.027,1354.018231
Haití,HTI,1971,YR1971,46.508,1417.229563
Haití,HTI,1972,YR1972,47.019,1407.365828
Haití,HTI,1973,YR1973,47.559,1449.924141
Haití,HTI,1974,YR1974,48.119,1507.648049
Haití,HTI,1975,YR1975,48.683,1497.382874
Haití,HTI,1976,YR1976,49.232,1593.389446
Haití,HTI,1977,YR1977,49.746,1620.33195
Haití,HTI,1978,YR1978,50.215,1686.097187
Haití,HTI,1979,YR1979,50.635,1775.408015
Haití,HTI,1980,YR1980,51.009,1864.79251
Haití,HTI,1981,YR1981,51.347,1770.742789
Haití,HTI,1982,YR1982,51.668,1668.094868
Haití,HTI,1983,YR1983,51.987,1643.915515
Haití,HTI,1984,YR1984,52.309,1610.782206
Haití,HTI,1985,YR1985,52.637,1584.044696
Haití,HTI,1986,YR1986,52.97,1541.794911
Haití,HTI,1987,YR1987,53.302,1497.158267
Haití,HTI,1988,YR1988,53.628,1469.198073
Haití,HTI,1989,YR1989,53.949,1397.540127
Haití,HTI,1990,YR1990,54.265,1383.92699
Haití,HTI,1991,YR1991,54.58,1382.319391
Haití,HTI,1992,YR1992,54.894,1283.725011
Haití,HTI,1993,YR1993,55.209,1191.089687
Haití,HTI,1994,YR1994,55.523,1029.208849
Haití,HTI,1995,YR1995,55.829,1110.311245
Haití,HTI,1996,YR1996,56.121,1135.351946
Haití,HTI,1997,YR1997,56.393,1145.23512
Haití,HTI,1998,YR1998,56.648,1149.615009
Haití,HTI,1999,YR1999,56.891,1160.280155
Haití,HTI,2000,YR2000,57.131,1150.359385
Haití,HTI,2001,YR2001,57.382,1127.201601
Haití,HTI,2002,YR2002,57.655,1118.736391
Haití,HTI,2003,YR2003,57.959,1137.356452
Haití,HTI,2004,YR2004,58.292,1105.081761
Haití,HTI,2005,YR2005,58.652,1126.603119
Haití,HTI,2006,YR2006,59.028,1127.919692
Haití,HTI,2007,YR2007,59.408,1171.867636
Haití,HTI,2008,YR2008,59.782,1182.080526
Haití,HTI,2009,YR2009,60.148,1237.276842
Haití,HTI,2010,YR2010,60.511,1172.098543
Haití,HTI,2011,YR2011,60.879,1225.631076
Haití,HTI,2012,YR2012,61.26,1214.303876
Haití,HTI,2013,YR2013,61.658,1233.743048
Haití,HTI,2014,YR2014,62.069,1257.773795
Haití,HTI,2015,YR2015,62.485,1260.600204
Haití,HTI,2016,YR2016,62.896,1265.229492
Haití,HTI,2017,YR2017,63.29,1277.374405
Haití,HTI,2018,YR2018,63.66,1282.23862
Honduras,HND,1960,YR1960,46.274,1095.993093
Honduras,HND,1961,YR1961,46.953,1085.564926
Honduras,HND,1962,YR1962,47.625,1116.594582
Honduras,HND,1963,YR1963,48.285,1124.716828
Honduras,HND,1964,YR1964,48.926,1152.699489
Honduras,HND,1965,YR1965,49.548,1221.529116
Honduras,HND,1966,YR1966,50.151,1250.50582
Honduras,HND,1967,YR1967,50.742,1287.086256
Honduras,HND,1968,YR1968,51.33,1332.194978
Honduras,HND,1969,YR1969,51.921,1301.88826
Honduras,HND,1970,YR1970,52.522,1309.802293
Honduras,HND,1971,YR1971,53.14,1322.469755
Honduras,HND,1972,YR1972,53.778,1357.914583
Honduras,HND,1973,YR1973,54.439,1421.919313
Honduras,HND,1974,YR1974,55.124,1363.030448
Honduras,HND,1975,YR1975,55.834,1350.567759
Honduras,HND,1976,YR1976,56.567,1447.450959
Honduras,HND,1977,YR1977,57.317,1549.298151
Honduras,HND,1978,YR1978,58.08,1591.755569
Honduras,HND,1979,YR1979,58.851,1629.885358
Honduras,HND,1980,YR1980,59.632,1589.895439
Honduras,HND,1981,YR1981,60.427,1522.999418
Honduras,HND,1982,YR1982,61.236,1446.50704
Honduras,HND,1983,YR1983,62.05,1415.911963
Honduras,HND,1984,YR1984,62.859,1460.738369
Honduras,HND,1985,YR1985,63.643,1497.40428
Honduras,HND,1986,YR1986,64.382,1531.055128
Honduras,HND,1987,YR1987,65.062,1585.264585
Honduras,HND,1988,YR1988,65.679,1566.452533
Honduras,HND,1989,YR1989,66.229,1563.167871
Honduras,HND,1990,YR1990,66.723,1561.216284
Honduras,HND,1991,YR1991,67.175,1466.975501
Honduras,HND,1992,YR1992,67.605,1512.731584
Honduras,HND,1993,YR1993,68.028,1566.277605
Honduras,HND,1994,YR1994,68.45,1525.880659
Honduras,HND,1995,YR1995,68.871,1574.895823
Honduras,HND,1996,YR1996,69.284,1559.081446
Honduras,HND,1997,YR1997,69.676,1584.673368
Honduras,HND,1998,YR1998,70.041,1595.46161
Honduras,HND,1999,YR1999,70.378,1539.96832
Honduras,HND,2000,YR2000,70.689,1607.679685
Honduras,HND,2001,YR2001,70.976,1608.068654
Honduras,HND,2002,YR2002,71.249,1625.737607
Honduras,HND,2003,YR2003,71.511,1657.313458
Honduras,HND,2004,YR2004,71.77,1717.902237
Honduras,HND,2005,YR2005,72.026,1778.850071
Honduras,HND,2006,YR2006,72.285,1852.139541
Honduras,HND,2007,YR2007,72.544,1922.874655
Honduras,HND,2008,YR2008,72.803,1960.939225
Honduras,HND,2009,YR2009,73.061,1873.394109
Honduras,HND,2010,YR2010,73.317,1904.346465
Honduras,HND,2011,YR2011,73.569,1939.338627
Honduras,HND,2012,YR2012,73.814,1982.009738
Honduras,HND,2013,YR2013,74.051,2000.792449
Honduras,HND,2014,YR2014,74.278,2025.814195
Honduras,HND,2015,YR2015,74.495,2067.290034
Honduras,HND,2016,YR2016,74.701,2111.193164
Honduras,HND,2017,YR2017,74.898,2176.295165
Honduras,HND,2018,YR2018,75.088,2219.436469
Nicaragua,NIC,1960,YR1960,46.998,1505.641939
Nicaragua,NIC,1961,YR1961,47.636,1568.422205
Nicaragua,NIC,1962,YR1962,48.277,1686.114995
Nicaragua,NIC,1963,YR1963,48.92,1812.834582
Nicaragua,NIC,1964,YR1964,49.566,1964.108343
Nicaragua,NIC,1965,YR1965,50.216,2086.814434
Nicaragua,NIC,1966,YR1966,50.874,2091.400269
Nicaragua,NIC,1967,YR1967,51.538,2170.653648
Nicaragua,NIC,1968,YR1968,52.205,2134.406644
Nicaragua,NIC,1969,YR1969,52.868,2199.879997
Nicaragua,NIC,1970,YR1970,53.519,2162.736908
Nicaragua,NIC,1971,YR1971,54.147,2166.834644
Nicaragua,NIC,1972,YR1972,54.744,2147.988593
Nicaragua,NIC,1973,YR1973,55.307,2216.523735
Nicaragua,NIC,1974,YR1974,55.833,2454.170665
Nicaragua,NIC,1975,YR1975,56.319,2375.818141
Nicaragua,NIC,1976,YR1976,56.764,2423.504792
Nicaragua,NIC,1977,YR1977,57.177,2546.6881
Nicaragua,NIC,1978,YR1978,57.57,2276.615275
Nicaragua,NIC,1979,YR1979,57.955,1624.425838
Nicaragua,NIC,1980,YR1980,58.347,1650.365685
Nicaragua,NIC,1981,YR1981,58.757,1689.913017
Nicaragua,NIC,1982,YR1982,59.196,1630.039939
Nicaragua,NIC,1983,YR1983,59.671,1659.798229
Nicaragua,NIC,1984,YR1984,60.189,1591.976683
Nicaragua,NIC,1985,YR1985,60.761,1489.634859
Nicaragua,NIC,1986,YR1986,61.394,1440.237086
Nicaragua,NIC,1987,YR1987,62.079,1398.409306
Nicaragua,NIC,1988,YR1988,62.803,1198.000031
Nicaragua,NIC,1989,YR1989,63.549,1151.9703
Nicaragua,NIC,1990,YR1990,64.293,1126.405031
Nicaragua,NIC,1991,YR1991,65.011,1099.473746
Nicaragua,NIC,1992,YR1992,65.683,1079.2058
Nicaragua,NIC,1993,YR1993,66.297,1051.36173
Nicaragua,NIC,1994,YR1994,66.849,1063.454317
Nicaragua,NIC,1995,YR1995,67.344,1103.765505
Nicaragua,NIC,1996,YR1996,67.798,1151.661854
Nicaragua,NIC,1997,YR1997,68.234,1175.994172
Nicaragua,NIC,1998,YR1998,68.667,1199.032334
Nicaragua,NIC,1999,YR1999,69.1,1262.723642
Nicaragua,NIC,2000,YR2000,69.527,1294.221354
Nicaragua,NIC,2001,YR2001,69.934,1312.842252
Nicaragua,NIC,2002,YR2002,70.308,1303.996006
Nicaragua,NIC,2003,YR2003,70.64,1318.478446
Nicaragua,NIC,2004,YR2004,70.933,1369.672238
Nicaragua,NIC,2005,YR2005,71.195,1408.957272
Nicaragua,NIC,2006,YR2006,71.436,1447.481411
Nicaragua,NIC,2007,YR2007,71.673,1500.195251
Nicaragua,NIC,2008,YR2008,71.915,1530.549832
Nicaragua,NIC,2009,YR2009,72.167,1460.033226
Nicaragua,NIC,2010,YR2010,72.428,1503.870423
Nicaragua,NIC,2011,YR2011,72.692,1577.475076
Nicaragua,NIC,2012,YR2012,72.951,1657.638814
Nicaragua,NIC,2013,YR2013,73.197,1716.364956
Nicaragua,NIC,2014,YR2014,73.429,1775.013907
Nicaragua,NIC,2015,YR2015,73.649,1836.010722
Nicaragua,NIC,2016,YR2016,73.86,1895.200159
Nicaragua,NIC,2017,YR2017,74.068,1957.844042
Nicaragua,NIC,2018,YR2018,74.275,1857.052273
Panamá,PAN,1960,YR1960,60.864,2139.407777
Panamá,PAN,1961,YR1961,61.38,2303.801756
Panamá,PAN,1962,YR1962,61.88,2420.461254
Panamá,PAN,1963,YR1963,62.36,2549.866096
Panamá,PAN,1964,YR1964,62.824,2584.762184
Panamá,PAN,1965,YR1965,63.275,2739.230098
Panamá,PAN,1966,YR1966,63.718,2861.651851
Panamá,PAN,1967,YR1967,64.16,3017.297163
Panamá,PAN,1968,YR1968,64.607,3135.931823
Panamá,PAN,1969,YR1969,65.063,3304.346153
Panamá,PAN,1970,YR1970,65.532,3434.728399
Panamá,PAN,1971,YR1971,66.018,3659.496432
Panamá,PAN,1972,YR1972,66.515,3720.793084
Panamá,PAN,1973,YR1973,67.02,3812.689536
Panamá,PAN,1974,YR1974,67.527,3800.647997
Panamá,PAN,1975,YR1975,68.027,3764.702942
Panamá,PAN,1976,YR1976,68.513,3728.566828
Panamá,PAN,1977,YR1977,68.976,3674.150124
Panamá,PAN,1978,YR1978,69.412,3934.139553
Panamá,PAN,1979,YR1979,69.818,4011.9484
Panamá,PAN,1980,YR1980,70.192,4428.695181
Panamá,PAN,1981,YR1981,70.537,4723.081995
Panamá,PAN,1982,YR1982,70.858,4861.03806
Panamá,PAN,1983,YR1983,71.163,4537.459919
Panamá,PAN,1984,YR1984,71.453,4556.330919
Panamá,PAN,1985,YR1985,71.732,4676.20666
Panamá,PAN,1986,YR1986,72,4737.794872
Panamá,PAN,1987,YR1987,72.257,4552.223575
Panamá,PAN,1988,YR1988,72.506,3859.42581
Panamá,PAN,1989,YR1989,72.747,3837.296829
Panamá,PAN,1990,YR1990,72.982,4061.588833
Panamá,PAN,1991,YR1991,73.212,4352.257557
Panamá,PAN,1992,YR1992,73.439,4612.623973
Panamá,PAN,1993,YR1993,73.661,4765.077946
Panamá,PAN,1994,YR1994,73.879,4801.313147
Panamá,PAN,1995,YR1995,74.092,4786.355577
Panamá,PAN,1996,YR1996,74.3,4880.750151
Panamá,PAN,1997,YR1997,74.5,5091.18307
Panamá,PAN,1998,YR1998,74.694,5355.359255
Panamá,PAN,1999,YR1999,74.881,5454.855725
Panamá,PAN,2000,YR2000,75.06,5493.64237
Panamá,PAN,2001,YR2001,75.233,5419.109419
Panamá,PAN,2002,YR2002,75.401,5435.169383
Panamá,PAN,2003,YR2003,75.565,5558.096499
Panamá,PAN,2004,YR2004,75.728,5865.941644
Panamá,PAN,2005,YR2005,75.892,6172.866331
Panamá,PAN,2006,YR2006,76.06,6585.456941
Panamá,PAN,2007,YR2007,76.234,7242.248874
Panamá,PAN,2008,YR2008,76.414,7814.537245
Panamá,PAN,2009,YR2009,76.6,7772.388756
Panamá,PAN,2010,YR2010,76.792,8082.028459
Panamá,PAN,2011,YR2011,76.989,8841.561277
Panamá,PAN,2012,YR2012,77.188,9541.060213
Panamá,PAN,2013,YR2013,77.386,10027.34623
Panamá,PAN,2014,YR2014,77.583,10357.50418
Panamá,PAN,2015,YR2015,77.776,10765.91029
Panamá,PAN,2016,YR2016,77.964,11107.22333
Panamá,PAN,2017,YR2017,78.149,11530.07126
Panamá,PAN,2018,YR2018,78.329,11755.11497
Paraguay,PRY,1960,YR1960,63.881,1364.333215
Paraguay,PRY,1961,YR1961,64.105,1420.74395
Paraguay,PRY,1962,YR1962,64.314,1429.511344
Paraguay,PRY,1963,YR1963,64.5,1457.854725
Paraguay,PRY,1964,YR1964,64.659,1479.605266
Paraguay,PRY,1965,YR1965,64.793,1529.837081
Paraguay,PRY,1966,YR1966,64.908,1519.431161
Paraguay,PRY,1967,YR1967,65.015,1614.98534
Paraguay,PRY,1968,YR1968,65.124,1644.222943
Paraguay,PRY,1969,YR1969,65.241,1677.671943
Paraguay,PRY,1970,YR1970,65.368,1726.928467
Paraguay,PRY,1971,YR1971,65.506,1778.647754
Paraguay,PRY,1972,YR1972,65.653,1851.844174
Paraguay,PRY,1973,YR1973,65.806,1940.555888
Paraguay,PRY,1974,YR1974,65.964,2053.484263
Paraguay,PRY,1975,YR1975,66.13,2141.192114
Paraguay,PRY,1976,YR1976,66.302,2245.519395
Paraguay,PRY,1977,YR1977,66.481,2440.645052
Paraguay,PRY,1978,YR1978,66.664,2663.837369
Paraguay,PRY,1979,YR1979,66.847,2901.012735
Paraguay,PRY,1980,YR1980,67.026,3152.695586
Paraguay,PRY,1981,YR1981,67.192,3345.814327
Paraguay,PRY,1982,YR1982,67.343,3205.175579
Paraguay,PRY,1983,YR1983,67.479,3018.271983
Paraguay,PRY,1984,YR1984,67.603,3014.010499
Paraguay,PRY,1985,YR1985,67.723,3060.411375
Paraguay,PRY,1986,YR1986,67.85,3121.613378
Paraguay,PRY,1987,YR1987,67.993,3264.537364
Paraguay,PRY,1988,YR1988,68.157,3362.647343
Paraguay,PRY,1989,YR1989,68.343,3499.053786
Paraguay,PRY,1990,YR1990,68.545,3547.550486
Paraguay,PRY,1991,YR1991,68.753,3577.52412
Paraguay,PRY,1992,YR1992,68.958,3547.630808
Paraguay,PRY,1993,YR1993,69.152,3632.450345
Paraguay,PRY,1994,YR1994,69.335,3734.964854
Paraguay,PRY,1995,YR1995,69.511,3897.292795
Paraguay,PRY,1996,YR1996,69.69,3868.896746
Paraguay,PRY,1997,YR1997,69.88,3943.897172
Paraguay,PRY,1998,YR1998,70.087,3861.790486
Paraguay,PRY,1999,YR1999,70.31,3729.800155
Paraguay,PRY,2000,YR2000,70.546,3570.352036
Paraguay,PRY,2001,YR2001,70.786,3471.931105
Paraguay,PRY,2002,YR2002,71.023,3406.232626
Paraguay,PRY,2003,YR2003,71.249,3489.681041
Paraguay,PRY,2004,YR2004,71.464,3569.447438
Paraguay,PRY,2005,YR2005,71.667,3587.045387
Paraguay,PRY,2006,YR2006,71.862,3702.822918
Paraguay,PRY,2007,YR2007,72.055,3848.118983
Paraguay,PRY,2008,YR2008,72.251,4037.053137
Paraguay,PRY,2009,YR2009,72.45,3972.630274
Paraguay,PRY,2010,YR2010,72.653,4355.934939
Paraguay,PRY,2011,YR2011,72.86,4479.398934
Paraguay,PRY,2012,YR2012,73.068,4394.543881
Paraguay,PRY,2013,YR2013,73.274,4699.493714
Paraguay,PRY,2014,YR2014,73.473,4861.287099
Paraguay,PRY,2015,YR2015,73.662,4944.191641
Paraguay,PRY,2016,YR2016,73.836,5089.61202
Paraguay,PRY,2017,YR2017,73.992,5272.360812
Paraguay,PRY,2018,YR2018,74.131,5379.581635
Perú,PER,1960,YR1960,48.012,2659.525053
Perú,PER,1961,YR1961,48.628,2775.231135
Perú,PER,1962,YR1962,49.224,2967.700513
Perú,PER,1963,YR1963,49.792,3008.593078
Perú,PER,1964,YR1964,50.334,3115.176657
Perú,PER,1965,YR1965,50.872,3198.146983
Perú,PER,1966,YR1966,51.432,3365.543513
Perú,PER,1967,YR1967,52.038,3398.957381
Perú,PER,1968,YR1968,52.702,3310.950964
Perú,PER,1969,YR1969,53.42,3333.765356
Perú,PER,1970,YR1970,54.174,3352.033562
Perú,PER,1971,YR1971,54.935,3410.492538
Perú,PER,1972,YR1972,55.671,3433.410794
Perú,PER,1973,YR1973,56.36,3550.588506
Perú,PER,1974,YR1974,56.994,3780.111033
Perú,PER,1975,YR1975,57.575,3838.479853
Perú,PER,1976,YR1976,58.114,3792.284325
Perú,PER,1977,YR1977,58.636,3707.272801
Perú,PER,1978,YR1978,59.158,3517.334068
Perú,PER,1979,YR1979,59.691,3569.240252
Perú,PER,1980,YR1980,60.24,3687.80074
Perú,PER,1981,YR1981,60.804,3797.800325
Perú,PER,1982,YR1982,61.378,3698.646768
Perú,PER,1983,YR1983,61.958,3235.621907
Perú,PER,1984,YR1984,62.542,3274.504562
Perú,PER,1985,YR1985,63.132,3265.409399
Perú,PER,1986,YR1986,63.731,3492.397284
Perú,PER,1987,YR1987,64.338,3746.713409
Perú,PER,1988,YR1988,64.949,3318.84377
Perú,PER,1989,YR1989,65.56,2848.191175
Perú,PER,1990,YR1990,66.165,2650.213975
Perú,PER,1991,YR1991,66.757,2654.788675
Perú,PER,1992,YR1992,67.33,2589.343113
Perú,PER,1993,YR1993,67.88,2673.740734
Perú,PER,1994,YR1994,68.405,2947.027033
Perú,PER,1995,YR1995,68.903,3107.114356
Perú,PER,1996,YR1996,69.378,3135.414596
Perú,PER,1997,YR1997,69.834,3277.955736
Perú,PER,1998,YR1998,70.274,3208.224499
Perú,PER,1999,YR1999,70.7,3203.713757
Perú,PER,2000,YR2000,71.111,3242.579157
Perú,PER,2001,YR2001,71.505,3221.302547
Perú,PER,2002,YR2002,71.882,3359.162687
Perú,PER,2003,YR2003,72.24,3464.396878
Perú,PER,2004,YR2004,72.581,3602.999725
Perú,PER,2005,YR2005,72.908,3796.2034
Perú,PER,2006,YR2006,73.222,4047.748036
Perú,PER,2007,YR2007,73.528,4356.738965
Perú,PER,2008,YR2008,73.826,4716.197262
Perú,PER,2009,YR2009,74.12,4729.735977
Perú,PER,2010,YR2010,74.41,5082.354757
Perú,PER,2011,YR2011,74.697,5360.226632
Perú,PER,2012,YR2012,74.981,5642.578115
Perú,PER,2013,YR2013,75.258,5919.209568
Perú,PER,2014,YR2014,75.529,5996.496965
Perú,PER,2015,YR2015,75.792,6114.227214
Perú,PER,2016,YR2016,76.044,6262.368905
Perú,PER,2017,YR2017,76.286,6314.291438
Perú,PER,2018,YR2018,76.516,6453.560525
Puerto Rico,PRI,1960,YR1960,68.71960976,5831.721539
Puerto Rico,PRI,1961,YR1961,68.94317073,6133.845039
Puerto Rico,PRI,1962,YR1962,69.14543902,6507.175293
Puerto Rico,PRI,1963,YR1963,69.356,6917.088671
Puerto Rico,PRI,1964,YR1964,69.59329268,7261.869691
Puerto Rico,PRI,1965,YR1965,69.8707561,7808.228108
Puerto Rico,PRI,1966,YR1966,70.18670732,8294.667991
Puerto Rico,PRI,1967,YR1967,70.5235122,8741.996624
Puerto Rico,PRI,1968,YR1968,70.86414634,9138.25836
Puerto Rico,PRI,1969,YR1969,71.20260976,9912.749647
Puerto Rico,PRI,1970,YR1970,71.53553659,10611.39322
Puerto Rico,PRI,1971,YR1971,71.85909756,11106.2869
Puerto Rico,PRI,1972,YR1972,72.16946341,11670.34895
Puerto Rico,PRI,1973,YR1973,72.46473171,12145.55661
Puerto Rico,PRI,1974,YR1974,72.73790244,12242.54624
Puerto Rico,PRI,1975,YR1975,72.98246341,11940.20076
Puerto Rico,PRI,1976,YR1976,73.19082927,12477.86527
Puerto Rico,PRI,1977,YR1977,73.36131707,13028.47383
Puerto Rico,PRI,1978,YR1978,73.49873171,13750.27379
Puerto Rico,PRI,1979,YR1979,73.60643902,14656.39007
Puerto Rico,PRI,1980,YR1980,73.7002439,15097.65766
Puerto Rico,PRI,1981,YR1981,73.79746341,15098.82721
Puerto Rico,PRI,1982,YR1982,73.90858537,14705.51053
Puerto Rico,PRI,1983,YR1983,74.03663415,14215.01218
Puerto Rico,PRI,1984,YR1984,74.17763415,14908.95352
Puerto Rico,PRI,1985,YR1985,74.30919512,15221.41184
Puerto Rico,PRI,1986,YR1986,74.40039024,15826.47157
Puerto Rico,PRI,1987,YR1987,74.43097561,16582.42835
Puerto Rico,PRI,1988,YR1988,74.39409756,17396.8765
Puerto Rico,PRI,1989,YR1989,74.29895122,17986.62213
Puerto Rico,PRI,1990,YR1990,74.16917073,17320.80988
Puerto Rico,PRI,1991,YR1991,74.03880488,17595.03775
Puerto Rico,PRI,1992,YR1992,73.94636585,18279.71637
Puerto Rico,PRI,1993,YR1993,73.92087805,18968.30163
Puerto Rico,PRI,1994,YR1994,73.97690244,19579.58917
Puerto Rico,PRI,1995,YR1995,74.12456098,20282.03903
Puerto Rico,PRI,1996,YR1996,74.36146341,20519.80592
Puerto Rico,PRI,1997,YR1997,74.66404878,21322.11777
Puerto Rico,PRI,1998,YR1998,75.00729268,22372.42117
Puerto Rico,PRI,1999,YR1999,75.3754878,23460.46301
Puerto Rico,PRI,2000,YR2000,76.68926829,24161.16874
Puerto Rico,PRI,2001,YR2001,77.06682927,25631.62935
Puerto Rico,PRI,2002,YR2002,77.7604878,25833.2027
Puerto Rico,PRI,2003,YR2003,78.07121951,25830.83019
Puerto Rico,PRI,2004,YR2004,78.17585366,28084.93857
Puerto Rico,PRI,2005,YR2005,78.29609756,27566.64216
Puerto Rico,PRI,2006,YR2006,78.41634146,27293.44847
Puerto Rico,PRI,2007,YR2007,78.42585366,27134.51941
Puerto Rico,PRI,2008,YR2008,77.96292683,26790.83808
Puerto Rico,PRI,2009,YR2009,78.191,26411.42332
Puerto Rico,PRI,2010,YR2010,78.41909756,26435.74879
Puerto Rico,PRI,2011,YR2011,78.64065854,26647.38627
Puerto Rico,PRI,2012,YR2012,78.84758537,26979.67102
Puerto Rico,PRI,2013,YR2013,79.03434146,27206.88275
Puerto Rico,PRI,2014,YR2014,79.20246341,27325.6608
Puerto Rico,PRI,2015,YR2015,79.3534878,27518.7725
Puerto Rico,PRI,2016,YR2016,79.49497561,27702.08422
Puerto Rico,PRI,2017,YR2017,79.63453659,27561.05306
Puerto Rico,PRI,2018,YR2018,79.77819512,27362.43445
República Dominicana,DOM,1960,YR1960,51.602,1323.815897
República Dominicana,DOM,1961,YR1961,52.306,1250.65073
República Dominicana,DOM,1962,YR1962,52.997,1416.15021
República Dominicana,DOM,1963,YR1963,53.675,1459.698977
República Dominicana,DOM,1964,YR1964,54.34,1509.075307
República Dominicana,DOM,1965,YR1965,54.993,1279.629042
República Dominicana,DOM,1966,YR1966,55.635,1407.613149
República Dominicana,DOM,1967,YR1967,56.267,1410.95847
República Dominicana,DOM,1968,YR1968,56.889,1372.884683
República Dominicana,DOM,1969,YR1969,57.498,1478.698497
República Dominicana,DOM,1970,YR1970,58.093,1699.031528
República Dominicana,DOM,1971,YR1971,58.671,1831.839875
República Dominicana,DOM,1972,YR1972,59.229,1967.706825
República Dominicana,DOM,1973,YR1973,59.764,2162.787412
República Dominicana,DOM,1974,YR1974,60.277,2233.281361
República Dominicana,DOM,1975,YR1975,60.764,2289.693183
República Dominicana,DOM,1976,YR1976,61.226,2383.005497
República Dominicana,DOM,1977,YR1977,61.663,2440.778216
República Dominicana,DOM,1978,YR1978,62.079,2433.582024
República Dominicana,DOM,1979,YR1979,62.477,2484.561187
República Dominicana,DOM,1980,YR1980,62.861,2621.47947
República Dominicana,DOM,1981,YR1981,63.234,2672.893399
República Dominicana,DOM,1982,YR1982,63.601,2659.225708
República Dominicana,DOM,1983,YR1983,63.964,2723.103005
República Dominicana,DOM,1984,YR1984,64.326,2699.695274
República Dominicana,DOM,1985,YR1985,64.692,2588.245367
República Dominicana,DOM,1986,YR1986,65.065,2625.492737
República Dominicana,DOM,1987,YR1987,65.443,2834.000242
República Dominicana,DOM,1988,YR1988,65.822,2838.784612
República Dominicana,DOM,1989,YR1989,66.201,2906.766189
República Dominicana,DOM,1990,YR1990,66.574,2695.979041
República Dominicana,DOM,1991,YR1991,66.932,2670.183307
República Dominicana,DOM,1992,YR1992,67.272,2914.509193
República Dominicana,DOM,1993,YR1993,67.591,3071.876588
República Dominicana,DOM,1994,YR1994,67.887,3095.460566
República Dominicana,DOM,1995,YR1995,68.164,3214.743013
República Dominicana,DOM,1996,YR1996,68.425,3349.717296
República Dominicana,DOM,1997,YR1997,68.677,3587.956385
República Dominicana,DOM,1998,YR1998,68.925,3768.265083
República Dominicana,DOM,1999,YR1999,69.175,3930.446262
República Dominicana,DOM,2000,YR2000,69.429,4051.499058
República Dominicana,DOM,2001,YR2001,69.69,4089.699378
República Dominicana,DOM,2002,YR2002,69.957,4211.636989
República Dominicana,DOM,2003,YR2003,70.227,4096.116387
República Dominicana,DOM,2004,YR2004,70.499,4143.281938
República Dominicana,DOM,2005,YR2005,70.771,4472.712437
República Dominicana,DOM,2006,YR2006,71.041,4818.735123
República Dominicana,DOM,2007,YR2007,71.304,5109.482859
República Dominicana,DOM,2008,YR2008,71.559,5207.002623
República Dominicana,DOM,2009,YR2009,71.806,5191.140357
República Dominicana,DOM,2010,YR2010,72.046,5555.389722
República Dominicana,DOM,2011,YR2011,72.284,5660.517067
República Dominicana,DOM,2012,YR2012,72.523,5745.422745
República Dominicana,DOM,2013,YR2013,72.763,5955.175904
República Dominicana,DOM,2014,YR2014,73.003,6301.69627
República Dominicana,DOM,2015,YR2015,73.241,6661.865043
República Dominicana,DOM,2016,YR2016,73.471,7026.178157
República Dominicana,DOM,2017,YR2017,73.689,7273.353765
República Dominicana,DOM,2018,YR2018,73.892,7697.721923
San Vicente y las Granadinas,VCT,1960,YR1960,59.26,1751.862911
San Vicente y las Granadinas,VCT,1961,YR1961,59.891,1804.610428
San Vicente y las Granadinas,VCT,1962,YR1962,60.474,1847.267414
San Vicente y las Granadinas,VCT,1963,YR1963,61.006,1711.766915
San Vicente y las Granadinas,VCT,1964,YR1964,61.488,1755.547802
San Vicente y las Granadinas,VCT,1965,YR1965,61.924,1752.551038
San Vicente y las Granadinas,VCT,1966,YR1966,62.318,1734.562298
San Vicente y las Granadinas,VCT,1967,YR1967,62.682,1553.739566
San Vicente y las Granadinas,VCT,1968,YR1968,63.026,1638.364845
San Vicente y las Granadinas,VCT,1969,YR1969,63.36,1668.189391
San Vicente y las Granadinas,VCT,1970,YR1970,63.691,1828.243681
San Vicente y las Granadinas,VCT,1971,YR1971,64.026,1862.301375
San Vicente y las Granadinas,VCT,1972,YR1972,64.365,2317.474208
San Vicente y las Granadinas,VCT,1973,YR1973,64.711,2036.90907
San Vicente y las Granadinas,VCT,1974,YR1974,65.069,1836.767895
San Vicente y las Granadinas,VCT,1975,YR1975,65.445,1678.422375
San Vicente y las Granadinas,VCT,1976,YR1976,65.844,1832.854763
San Vicente y las Granadinas,VCT,1977,YR1977,66.263,2053.897827
San Vicente y las Granadinas,VCT,1978,YR1978,66.698,2231.954995
San Vicente y las Granadinas,VCT,1979,YR1979,67.143,2285.414462
San Vicente y las Granadinas,VCT,1980,YR1980,67.59,2319.903313
San Vicente y las Granadinas,VCT,1981,YR1981,68.031,2406.104416
San Vicente y las Granadinas,VCT,1982,YR1982,68.456,2493.678091
San Vicente y las Granadinas,VCT,1983,YR1983,68.856,2528.549344
San Vicente y las Granadinas,VCT,1984,YR1984,69.223,2675.721874
San Vicente y las Granadinas,VCT,1985,YR1985,69.551,2821.261799
San Vicente y las Granadinas,VCT,1986,YR1986,69.835,2959.140845
San Vicente y las Granadinas,VCT,1987,YR1987,70.078,2952.768283
San Vicente y las Granadinas,VCT,1988,YR1988,70.283,3348.554196
San Vicente y las Granadinas,VCT,1989,YR1989,70.451,3378.510322
San Vicente y las Granadinas,VCT,1990,YR1990,70.58,3505.195121
San Vicente y las Granadinas,VCT,1991,YR1991,70.669,3535.400565
San Vicente y las Granadinas,VCT,1992,YR1992,70.723,3754.794731
San Vicente y las Granadinas,VCT,1993,YR1993,70.748,3911.404545
San Vicente y las Granadinas,VCT,1994,YR1994,70.752,3861.885555
San Vicente y las Granadinas,VCT,1995,YR1995,70.745,4162.547604
San Vicente y las Granadinas,VCT,1996,YR1996,70.736,4218.428568
San Vicente y las Granadinas,VCT,1997,YR1997,70.731,4369.597151
San Vicente y las Granadinas,VCT,1998,YR1998,70.738,4552.257099
San Vicente y las Granadinas,VCT,1999,YR1999,70.762,4677.530842
San Vicente y las Granadinas,VCT,2000,YR2000,70.809,4753.057115
San Vicente y las Granadinas,VCT,2001,YR2001,70.882,4829.281211
San Vicente y las Granadinas,VCT,2002,YR2002,70.977,5125.023917
San Vicente y las Granadinas,VCT,2003,YR2003,71.087,5507.46018
San Vicente y las Granadinas,VCT,2004,YR2004,71.208,5726.5332
San Vicente y las Granadinas,VCT,2005,YR2005,71.331,5863.498005
San Vicente y las Granadinas,VCT,2006,YR2006,71.449,6314.94445
San Vicente y las Granadinas,VCT,2007,YR2007,71.554,6531.136969
San Vicente y las Granadinas,VCT,2008,YR2008,71.643,6642.27211
San Vicente y las Granadinas,VCT,2009,YR2009,71.716,6509.212258
San Vicente y las Granadinas,VCT,2010,YR2010,71.776,6292.789487
San Vicente y las Granadinas,VCT,2011,YR2011,71.827,6262.87503
San Vicente y las Granadinas,VCT,2012,YR2012,71.879,6342.465368
San Vicente y las Granadinas,VCT,2013,YR2013,71.939,6447.602159
San Vicente y las Granadinas,VCT,2014,YR2014,72.01,6511.551252
San Vicente y las Granadinas,VCT,2015,YR2015,72.095,6580.823209
San Vicente y las Granadinas,VCT,2016,YR2016,72.193,6686.637924
San Vicente y las Granadinas,VCT,2017,YR2017,72.3,6730.899022
San Vicente y las Granadinas,VCT,2018,YR2018,72.415,6852.599956
Suriname,SUR,1960,YR1960,59.682,3335.0501
Suriname,SUR,1961,YR1961,60.038,3400.133803
Suriname,SUR,1962,YR1962,60.377,3439.960651
Suriname,SUR,1963,YR1963,60.705,3538.84458
Suriname,SUR,1964,YR1964,61.026,3670.937028
Suriname,SUR,1965,YR1965,61.346,4003.057065
Suriname,SUR,1966,YR1966,61.666,4641.598713
Suriname,SUR,1967,YR1967,61.984,5060.786918
Suriname,SUR,1968,YR1968,62.299,5309.817928
Suriname,SUR,1969,YR1969,62.609,5441.576768
Suriname,SUR,1970,YR1970,62.911,5522.395969
Suriname,SUR,1971,YR1971,63.199,5717.505481
Suriname,SUR,1972,YR1972,63.47,5703.637336
Suriname,SUR,1973,YR1973,63.724,5647.018982
Suriname,SUR,1974,YR1974,63.964,5720.429963
Suriname,SUR,1975,YR1975,64.201,5920.397076
Suriname,SUR,1976,YR1976,64.445,6464.515952
Suriname,SUR,1977,YR1977,64.704,7129.872183
Suriname,SUR,1978,YR1978,64.981,7590.807968
Suriname,SUR,1979,YR1979,65.274,7530.060138
Suriname,SUR,1980,YR1980,65.575,6853.948615
Suriname,SUR,1981,YR1981,65.873,7328.08459
Suriname,SUR,1982,YR1982,66.154,7005.075091
Suriname,SUR,1983,YR1983,66.409,6706.698728
Suriname,SUR,1984,YR1984,66.631,6535.255949
Suriname,SUR,1985,YR1985,66.819,6595.185095
Suriname,SUR,1986,YR1986,66.978,6550.270716
Suriname,SUR,1987,YR1987,67.113,6032.891489
Suriname,SUR,1988,YR1988,67.233,6372.276429
Suriname,SUR,1989,YR1989,67.341,6502.709954
Suriname,SUR,1990,YR1990,67.436,6086.137305
Suriname,SUR,1991,YR1991,67.519,6131.812686
Suriname,SUR,1992,YR1992,67.59,6044.396641
Suriname,SUR,1993,YR1993,67.647,5542.319768
Suriname,SUR,1994,YR1994,67.695,5637.625341
Suriname,SUR,1995,YR1995,67.731,5551.475833
Suriname,SUR,1996,YR1996,67.753,5527.478178
Suriname,SUR,1997,YR1997,67.762,5765.89847
Suriname,SUR,1998,YR1998,67.768,5825.744512
Suriname,SUR,1999,YR1999,67.781,5675.779197
Suriname,SUR,2000,YR2000,67.822,5726.50541
Suriname,SUR,2001,YR2001,67.913,5896.527352
Suriname,SUR,2002,YR2002,68.064,5990.559107
Suriname,SUR,2003,YR2003,68.28,6293.444406
Suriname,SUR,2004,YR2004,68.555,6748.966117
Suriname,SUR,2005,YR2005,68.877,6971.038674
Suriname,SUR,2006,YR2006,69.227,7289.803407
Suriname,SUR,2007,YR2007,69.579,7574.146811
Suriname,SUR,2008,YR2008,69.91,7797.352839
Suriname,SUR,2009,YR2009,70.209,7940.350421
Suriname,SUR,2010,YR2010,70.465,8255.874872
Suriname,SUR,2011,YR2011,70.676,8639.985866
Suriname,SUR,2012,YR2012,70.851,8772.928804
Suriname,SUR,2013,YR2013,71.002,8930.486509
Suriname,SUR,2014,YR2014,71.133,8856.485551
Suriname,SUR,2015,YR2015,71.249,8464.759113
Suriname,SUR,2016,YR2016,71.358,7912.688045
Suriname,SUR,2017,YR2017,71.463,7972.84039
Suriname,SUR,2018,YR2018,71.57,8100.371156
Trinidad y Tobago,TTO,1960,YR1960,62.222,4006.721638
Trinidad y Tobago,TTO,1961,YR1961,62.652,4480.181433
Trinidad y Tobago,TTO,1962,YR1962,63.036,4526.511068
Trinidad y Tobago,TTO,1963,YR1963,63.373,4713.196338
Trinidad y Tobago,TTO,1964,YR1964,63.663,5012.875201
Trinidad y Tobago,TTO,1965,YR1965,63.908,4997.143773
Trinidad y Tobago,TTO,1966,YR1966,64.112,5157.555772
Trinidad y Tobago,TTO,1967,YR1967,64.282,5228.668317
Trinidad y Tobago,TTO,1968,YR1968,64.43,5468.48907
Trinidad y Tobago,TTO,1969,YR1969,64.565,5579.5064
Trinidad y Tobago,TTO,1970,YR1970,64.7,5726.718225
Trinidad y Tobago,TTO,1971,YR1971,64.844,5723.446154
Trinidad y Tobago,TTO,1972,YR1972,65.003,5976.768512
Trinidad y Tobago,TTO,1973,YR1973,65.177,5989.929476
Trinidad y Tobago,TTO,1974,YR1974,65.368,6127.630009
Trinidad y Tobago,TTO,1975,YR1975,65.572,6129.356409
Trinidad y Tobago,TTO,1976,YR1976,65.782,6431.791657
Trinidad y Tobago,TTO,1977,YR1977,65.987,6923.225812
Trinidad y Tobago,TTO,1978,YR1978,66.182,7512.97508
Trinidad y Tobago,TTO,1979,YR1979,66.364,7673.545549
Trinidad y Tobago,TTO,1980,YR1980,66.533,8345.131133
Trinidad y Tobago,TTO,1981,YR1981,66.694,8590.581698
Trinidad y Tobago,TTO,1982,YR1982,66.854,8773.364838
Trinidad y Tobago,TTO,1983,YR1983,67.015,7744.858068
Trinidad y Tobago,TTO,1984,YR1984,67.179,7192.008554
Trinidad y Tobago,TTO,1985,YR1985,67.344,6806.110872
Trinidad y Tobago,TTO,1986,YR1986,67.507,6510.076798
Trinidad y Tobago,TTO,1987,YR1987,67.666,6155.055608
Trinidad y Tobago,TTO,1988,YR1988,67.816,5866.588292
Trinidad y Tobago,TTO,1989,YR1989,67.957,5776.148805
Trinidad y Tobago,TTO,1990,YR1990,68.086,5823.664104
Trinidad y Tobago,TTO,1991,YR1991,68.201,5965.898901
Trinidad y Tobago,TTO,1992,YR1992,68.305,6527.778398
Trinidad y Tobago,TTO,1993,YR1993,68.402,6447.952041
Trinidad y Tobago,TTO,1994,YR1994,68.496,6646.408669
Trinidad y Tobago,TTO,1995,YR1995,68.597,6873.885353
Trinidad y Tobago,TTO,1996,YR1996,68.713,7344.68916
Trinidad y Tobago,TTO,1997,YR1997,68.85,7882.808418
Trinidad y Tobago,TTO,1998,YR1998,69.011,8510.775012
Trinidad y Tobago,TTO,1999,YR1999,69.199,9177.470151
Trinidad y Tobago,TTO,2000,YR2000,69.413,9785.90975
Trinidad y Tobago,TTO,2001,YR2001,69.65,10157.93255
Trinidad y Tobago,TTO,2002,YR2002,69.903,10916.22849
Trinidad y Tobago,TTO,2003,YR2003,70.164,12430.87547
Trinidad y Tobago,TTO,2004,YR2004,70.428,13350.86143
Trinidad y Tobago,TTO,2005,YR2005,70.691,14110.04117
Trinidad y Tobago,TTO,2006,YR2006,70.952,15899.4003
Trinidad y Tobago,TTO,2007,YR2007,71.21,16580.31724
Trinidad y Tobago,TTO,2008,YR2008,71.464,17064.53166
Trinidad y Tobago,TTO,2009,YR2009,71.71,16234.98123
Trinidad y Tobago,TTO,2010,YR2010,71.946,16683.35538
Trinidad y Tobago,TTO,2011,YR2011,72.17,16534.26826
Trinidad y Tobago,TTO,2012,YR2012,72.382,16636.68383
Trinidad y Tobago,TTO,2013,YR2013,72.582,16895.9243
Trinidad y Tobago,TTO,2014,YR2014,72.768,16635.54036
Trinidad y Tobago,TTO,2015,YR2015,72.941,16840.1208
Trinidad y Tobago,TTO,2016,YR2016,73.1,15696.90422
Trinidad y Tobago,TTO,2017,YR2017,73.245,15261.87227
Trinidad y Tobago,TTO,2018,YR2018,73.38,15161.06846
Uruguay,URY,1960,YR1960,67.783,5474.63878
Uruguay,URY,1961,YR1961,68.007,5539.038337
Uruguay,URY,1962,YR1962,68.198,5384.403303
Uruguay,URY,1963,YR1963,68.347,5329.631209
Uruguay,URY,1964,YR1964,68.455,5397.71418
Uruguay,URY,1965,YR1965,68.521,5395.152889
Uruguay,URY,1966,YR1966,68.554,5502.527416
Uruguay,URY,1967,YR1967,68.567,5248.854785
Uruguay,URY,1968,YR1968,68.575,5300.446897
Uruguay,URY,1969,YR1969,68.588,5570.584368
Uruguay,URY,1970,YR1970,68.616,5670.630897
Uruguay,URY,1971,YR1971,68.664,5639.321646
Uruguay,URY,1972,YR1972,68.732,5558.634787
Uruguay,URY,1973,YR1973,68.823,5572.63647
Uruguay,URY,1974,YR1974,68.941,5729.967409
Uruguay,URY,1975,YR1975,69.089,6066.256408
Uruguay,URY,1976,YR1976,69.271,6280.148244
Uruguay,URY,1977,YR1977,69.484,6336.793654
Uruguay,URY,1978,YR1978,69.723,6633.748784
Uruguay,URY,1979,YR1979,69.983,6996.421495
Uruguay,URY,1980,YR1980,70.256,7355.208814
Uruguay,URY,1981,YR1981,70.536,7420.983919
Uruguay,URY,1982,YR1982,70.814,6653.235964
Uruguay,URY,1983,YR1983,71.085,5931.135763
Uruguay,URY,1984,YR1984,71.343,5825.723193
Uruguay,URY,1985,YR1985,71.583,5873.329518
Uruguay,URY,1986,YR1986,71.804,6350.418975
Uruguay,URY,1987,YR1987,72.008,6815.441657
Uruguay,URY,1988,YR1988,72.201,6873.271625
Uruguay,URY,1989,YR1989,72.386,6904.394483
Uruguay,URY,1990,YR1990,72.569,6878.145286
Uruguay,URY,1991,YR1991,72.757,7071.38642
Uruguay,URY,1992,YR1992,72.955,7577.085161
Uruguay,URY,1993,YR1993,73.166,7721.462714
Uruguay,URY,1994,YR1994,73.388,8223.12065
Uruguay,URY,1995,YR1995,73.62,8045.946644
Uruguay,URY,1996,YR1996,73.854,8434.319412
Uruguay,URY,1997,YR1997,74.086,9091.474283
Uruguay,URY,1998,YR1998,74.309,9441.994882
Uruguay,URY,1999,YR1999,74.523,9211.427513
Uruguay,URY,2000,YR2000,74.731,9001.750046
Uruguay,URY,2001,YR2001,74.939,8640.778519
Uruguay,URY,2002,YR2002,75.152,7971.313775
Uruguay,URY,2003,YR2003,75.373,8041.240177
Uruguay,URY,2004,YR2004,75.599,8449.209088
Uruguay,URY,2005,YR2005,75.826,9078.637456
Uruguay,URY,2006,YR2006,76.046,9440.50698
Uruguay,URY,2007,YR2007,76.251,10038.89509
Uruguay,URY,2008,YR2008,76.437,10732.01128
Uruguay,URY,2009,YR2009,76.603,11155.84525
Uruguay,URY,2010,YR2010,76.75,11992.01663
Uruguay,URY,2011,YR2011,76.882,12574.90357
Uruguay,URY,2012,YR2012,77.004,12981.14011
Uruguay,URY,2013,YR2013,77.124,13541.20711
Uruguay,URY,2014,YR2014,77.244,13934.57617
Uruguay,URY,2015,YR2015,77.369,13938.79007
Uruguay,URY,2016,YR2016,77.498,14124.14386
Uruguay,URY,2017,YR2017,77.632,14437.38469
Uruguay,URY,2018,YR2018,77.77,14617.464
